Customer_ID,Recency_Days,Frequency_Orders,Monetary_Spend,Category_Diversity,Engagement_Score,Support_Tickets,Discount_Ratio,Return_Rate,Preferred_Channel,Gender,Age,Avg_Order_Value,Churn_Risk_Index,R_Score,F_Score,M_Score,RFM_Score_Sum,RFM_Group,KMeans_Cluster,DBSCAN_Cluster,HAC_Cluster,GMM_Cluster,PCA_1,PCA_2,PCA_3
UPL-10001,1,1,100.0,3,50,1,0.15,0.05,Web,Unknown,35,100.0,0.408,5,1,1,7,511,1,-1,1,0,-3.768362853973344,-0.3921416890175668,-0.0208573156543384
UPL-10002,2,2,200.0,3,50,1,0.15,0.05,Web,Unknown,35,100.0,0.397,5,1,1,7,511,1,-1,1,0,-2.2718446758493784,0.0715324439959947,0.0328820928049687
UPL-10003,3,3,300.0,3,50,1,0.15,0.05,Web,Unknown,35,100.0,0.385,4,2,2,8,422,1,-1,1,0,-1.2036266689546726,0.2214009655295607,0.0165927045798658
UPL-10004,4,4,400.0,3,50,1,0.15,0.05,Web,Unknown,35,100.0,0.373,4,2,2,8,422,0,-1,0,0,-0.3503310378785455,0.2433775562543431,-0.0018661194824196
UPL-10005,5,5,500.0,3,50,1,0.15,0.05,Web,Unknown,35,100.0,0.362,3,3,3,9,333,0,-1,0,1,0.3578209203079038,0.2194597967424963,-0.019558795712564
UPL-10006,6,6,600.0,3,50,1,0.15,0.05,Web,Unknown,35,100.0,0.35,2,4,4,10,244,0,-1,0,1,0.9962826968173067,0.1196843913748002,-0.019261922939007
UPL-10007,7,7,700.0,3,50,1,0.15,0.05,Web,Unknown,35,100.0,0.338,2,4,4,10,244,0,-1,0,1,1.5729540381658904,-0.0140556650066451,-0.0099488694875427
UPL-10008,8,8,800.0,3,50,1,0.15,0.05,Web,Unknown,35,100.0,0.327,1,5,5,11,155,0,-1,0,1,2.086655131448364,-0.1453325143786509,-0.0008986124081729
UPL-10009,9,9,900.0,3,50,1,0.15,0.05,Web,Unknown,35,100.0,0.315,1,5,5,11,155,0,-1,0,1,2.5804524499164745,-0.3239252854943327,0.0229168382992103
