Customer_ID,Recency_Days,Frequency_Orders,Monetary_Spend,Category_Diversity,Engagement_Score,Support_Tickets,Discount_Ratio,Return_Rate,Preferred_Channel,Gender,Age,Avg_Order_Value,Churn_Risk_Index,R_Score,F_Score,M_Score,RFM_Score_Sum,RFM_Group,KMeans_Cluster,DBSCAN_Cluster,HAC_Cluster,GMM_Cluster,PCA_1,PCA_2,PCA_3
UPL-10001,1,1,100.0,3,50,1,0.15,0.05,Web,Unknown,35,100.0,0.408,5,1,1,7,511,1,-1,1,0,-3.7683628539733425,-0.39214168901756685,-0.020857315654338446
UPL-10002,2,2,200.0,3,50,1,0.15,0.05,Web,Unknown,35,100.0,0.397,5,1,1,7,511,1,-1,1,0,-2.2718446758493784,0.07153244399599473,0.03288209280496871
UPL-10003,3,3,300.0,3,50,1,0.15,0.05,Web,Unknown,35,100.0,0.385,4,2,2,8,422,1,-1,1,0,-1.2036266689546726,0.22140096552956076,0.016592704579865874
UPL-10004,4,4,400.0,3,50,1,0.15,0.05,Web,Unknown,35,100.0,0.373,4,2,2,8,422,0,-1,0,0,-0.3503310378785455,0.24337755625434312,-0.0018661194824196128
UPL-10005,5,5,500.0,3,50,1,0.15,0.05,Web,Unknown,35,100.0,0.362,3,3,3,9,333,0,-1,0,1,0.3578209203079038,0.21945979674249638,-0.01955879571256409
UPL-10006,6,6,600.0,3,50,1,0.15,0.05,Web,Unknown,35,100.0,0.35,2,4,4,10,244,0,-1,0,1,0.9962826968173067,0.11968439137480022,-0.019261922939007012
UPL-10007,7,7,700.0,3,50,1,0.15,0.05,Web,Unknown,35,100.0,0.338,2,4,4,10,244,0,-1,0,1,1.5729540381658904,-0.014055665006645124,-0.009948869487542703
UPL-10008,8,8,800.0,3,50,1,0.15,0.05,Web,Unknown,35,100.0,0.327,1,5,5,11,155,0,-1,0,1,2.086655131448364,-0.14533251437865097,-0.000898612408172975
UPL-10009,9,9,900.0,3,50,1,0.15,0.05,Web,Unknown,35,100.0,0.315,1,5,5,11,155,0,-1,0,1,2.5804524499164745,-0.3239252854943327,0.022916838299210384
